model_name,scs,l3_weight_cuts,l3_output_cuts,lcus,weights,ops_per_image,macs_per_image,total_4bit_macs_per_frame,pure_ops_per_image,pure_macs_per_image,power,fps,subclusters_per_target,l3_cuts_per_target,layers_per_target,l2_cuts_per_target_normalized,l2_cuts_used_normalized,profiling_mode,layers,l3_total_cuts,net_input_throughput,gross_input_throughput,net_output_throughput,gross_output_throughput,latency,input_aligners,input_aligners_per_target,apus,apus_per_target,l4_cuts,l4_cuts_per_target,l2_weights,l2_data_usage,l2_cuts_per_target,number_of_devices,number_of_contexts,calibration,transpose,resize_input,normalization,input_conversion,nms,optimization_level,compression_level,compression_rate,hw_arch,stream_fps,optimization_goal_fps,context_switch_configs,l2_cut_size,l3_cut_size,l4_cut_size
yolo8,203,15,146,75,1447690.0,8244864.0,4144704.0,0.0,8244864.0,4144704.0,,97991.18,512,1024,128,256.0,101.5,post_placement,43,161,287.08 Megabytes/sec,287.08 Megabytes/sec,956.95 Kilobytes/sec,956.95 Kilobytes/sec,0.12,73,256,73,160,4,28,1362688,45056,512,1,1,64,False,False,False,False,False,0,0,N/A,hailo8,,,,16384.0,32768.0,131072.0

context_name,csw_scs_mac_util,b8_csw_scs_mac_util, ,lcu_util,l3_util,mapping_util,active_mac_util,width_align_util,feature_align_util,balance_fps_util,mac_layers_util,effective_mac_util,scs_mac_util, ,fps,1/fps (s),drain (s),latency_util,b8_latency_util, ,context_overhead,overhead_util,b8_overhead_util,total_mac_util,b8_total_mac_util,boundary_in_bytes,boundary_out_bytes,inter_context_in_bytes,inter_context_out_bytes,ddr_portals_in_bytes,ddr_portals_out_bytes
contexts_total,0.004510077956334988,0.02274667287280477,,,,0.396484375,0.5979114763320039,0.27874909739874715,0.9919824445799722,0.7615074671331644,0.916256157635468,0.14825117351097278,0.05385687162703307,,no runtime data,no runtime data,N/A,0.08374192224843574,0.42235414322482184,,no runtime data,no runtime data,no runtime data,no runtime data,no runtime data,3072.0,10.0,0.0,0.0,0.0,0.0
context_0,0.004510077956334989,0.022746672872804772,,0.5703125,0.1572265625,0.396484375,0.5979114763320039,0.27874909739874715,0.9919824445799722,0.7615074671331644,0.916256157635468,0.14825117351097278,0.05385687162703308,,97991.18079372856,1.0205e-05,0.0001116575,0.08374192224843574,0.42235414322482184,,single context,,,,,3072.0,10.0,0.0,0.0,0.0,0.0

layer_name,layer_type,input_height,input_width,output_channels,input_channels,kernel_height,kernel_width,strides_row,strides_col,predecessors,successors,weights,macs,power,fps,total cycles,theoretical cycles,scs,apus,input_aligners,of_per_sc,of_per_mac,l3_output_cuts,l2_weights_usage_ratio,groups,dilation_height,dilation_width,16x4_configuration,elementwise_feed_repeat,ew_add_enabled,defuse_mode,node_layer_input_bw,node_layer_output_bw,defuse_name,l3_weight_cuts,l4_cuts,lcus,node_layer_latency,deprecated,output_features_per_sc,mac_computation_utilization,apu_activation_utilization,subcluster_utilization,buffers_num,buffer_size,context,did_reach_fps,is_4bit_enhanced,is_smuffer_in,is_smuffer_out,latency,l2_weights,ops,l2_data_usage,input_activation_bits,input_range_min,input_range_max,kernel_range_min,kernel_range_max,output_range_min,output_range_max,output_activation_bits,weights_bits,bias_bits,active_mac_util,width_align_util,feature_align_util,balance_fps_util,mac_layers_util,effective_mac_util
conv1,conv,32,32,16,3,3,3,2,2,input_layer1,conv2,448.0,114688.0,,104031.21,3845,864.0,2,1,1,8,1,3,1,1,1,1,False,,False,,301.0289001464844,401.37188720703125,yolo8/conv1,0,0,1,0.009765000000000001,0,8,0.2413524091243744,0.13315995037555695,0.2273395426465506,3,256,context_0,False,False,False,False,1.0055e-05,448.0,221184.0,0,8,0.0,1.0,-23.542455673217773,90.34046936035156,-0.28745323419570923,36.36283493041992,8,8,16,0.2413524091243744,1.0,1.0,0.9419402253797158,1.0,0.2273395426465506
conv2,conv,16,16,32,16,3,3,2,2,conv1,conv_feature_splitter1_1 conv_feature_splitter1_2,4640.0,296960.0,,119581.46,3345,1152.0,4,1,1,8,1,2,1,1,1,1,False,,False,,401.37188720703125,200.68594360351562,yolo8/conv2,0,0,1,0.00954,0,8,0.3835575580596924,0.07653214037418365,0.31430672016405464,2,256,context_0,False,False,False,False,1.06175e-05,4640.0,589824.0,512,8,-0.28745323419570923,36.36283493041992,-4.811932563781738,3.8880081176757812,-0.417311429977417,105.99710083007812,8,8,16,0.3835575580596924,1.0,1.0,0.8194512493875551,1.0,0.31430672016405464
conv_feature_splitter1_1,conv,8,8,16,32,1,1,1,1,conv2,concat1,528.0,33792.0,,464576.07,861,512.0,1,1,1,16,2,1,1,1,1,1,False,,False,,200.68594360351562,100.34297180175781,yolo8/conv_feature_splitter1_1,0,0,1,0.00864,0,16,0.6318234801292419,0.14866434037685394,0.1332680098949724,255,128,context_0,False,False,False,False,1.08775e-05,528.0,65536.0,0,8,-0.417311429977417,105.99710083007812,-1.115857481956482,0.7544076442718506,-0.4658018946647644,58.9239387512207,8,8,16,0.6318234801292419,1.0,1.0,0.21092601665850075,1.0,0.1332680098949724
conv_feature_splitter1_2,conv,8,8,16,32,1,1,1,1,conv2,conv4 ew_add1 concat1,528.0,33792.0,,464576.07,861,512.0,1,1,1,16,2,3,1,1,1,1,False,,False,,200.68594360351562,100.34297180175781,yolo8/conv_feature_splitter1_2,0,0,1,0.00864,0,16,0.6318234801292419,0.14866434037685394,0.1332680098949724,765,128,context_0,False,False,False,False,1.08775e-05,528.0,65536.0,0,8,-0.417311429977417,105.99710083007812,-1.6796375513076782,0.6313967704772949,-0.3202332556247711,40.50950622558594,8,8,16,0.6318234801292419,1.0,1.0,0.21092601665850075,1.0,0.1332680098949724
conv4,conv,8,8,16,16,3,3,1,1,conv_feature_splitter1_2,conv5,2320.0,148480.0,,113927.66,3511,2304.0,1,1,1,16,2,1,1,1,1,1,False,,False,,100.34297180175781,100.34297180175781,yolo8/conv4,0,0,1,0.01012,0,16,0.8333808183670044,0.03645684942603111,0.7168055005601549,255,128,context_0,False,False,False,True,1.26175e-05,2320.0,294912.0,512,8,-0.3202332556247711,40.50950622558594,-0.9489031434059143,0.9981337785720825,-0.29952049255371094,18.794910430908203,8,8,16,0.8333808183670044,1.0,1.0,0.8601175894169525,1.0,0.7168055005601549
conv5,conv,8,8,16,16,3,3,1,1,conv4,ew_add1,2320.0,148480.0,,111265.65,3595,2304.0,1,1,1,16,2,1,1,1,1,1,False,,False,,100.34297180175781,100.34297180175781,yolo8/conv5,0,0,1,0.0098625,0,16,0.8139082193374634,0.03560500591993332,0.716805499392009,1,128,context_0,False,False,True,False,1.44625e-05,2320.0,294912.0,512,8,-0.29952049255371094,18.794910430908203,-1.1424931287765503,1.0281282663345337,-0.3636990189552307,46.00792694091797,8,8,16,0.8139082193374634,1.0,1.0,0.8806957373836355,1.0,0.716805499392009
ew_add1,ew_add,8,8,16,16,,,,,conv_feature_splitter1_2 conv5,concat1,0,512.0,,488400.49,819,,1,1,1,16,0,1,1,,,,False,,False,,100.34297180175781,0.0,yolo8/ew_add1,0,0,1,0.008,0,16,0.46886447072029114,0.15628816187381744,0.09407153393432593,255,128,context_0,False,False,False,False,1.471e-05,0,1024.0,0,8,-0.3202332556247711,40.50950622558594,N/A,N/A,-0.6820645332336426,86.28116607666016,8,8,16,0.46886447072029114,1.0,1.0,0.20063694267515925,1.0,0.09407153393432593
concat1,concat,8|8|8,8|8|8,48,16|16|16,,,,,conv_feature_splitter1_1 conv_feature_splitter1_2 ew_add1,conv6,0,0,,686106.35,583,,1,1,1,48,0,1,1,,,,False,,False,,100.34297180175781,0.0,yolo8/concat1,0,0,1,0.00791,0,48,0.6586620807647705,0.6586620807647705,0.09407153186816786,85,384,context_0,False,False,False,True,1.48675e-05,0,0,0,8,-0.4658018946647644,58.9239387512207,N/A,N/A,-0.6820645332336426,86.28116607666016,8,N/A,N/A,0.6586620807647705,1.0,1.0,0.14282214600685939,0.0,0.09407153186816786
conv6,conv,8,8,32,48,1,1,1,1,concat1,conv7,1568.0,100352.0,,194836.82,2053,1536.0,1,1,1,32,4,1,1,1,1,1,False,,False,,301.0289001464844,200.68594360351562,yolo8/conv6,0,0,1,0.008385,0,32,0.77934730052948,0.12469556927680969,0.39196472513155867,128,256,context_0,False,False,True,False,1.55e-05,1568.0,196608.0,0,8,-0.6820645332336426,86.28116607666016,-1.016507625579834,2.0458779335021973,-0.4721205234527588,59.72324752807617,8,8,16,0.77934730052948,1.0,1.0,0.5029397354238119,1.0,0.39196472513155867
conv7,conv,8,8,64,32,3,3,2,2,conv6,conv_feature_splitter2_1 conv_feature_splitter2_2,18496.0,295936.0,,99009.90,4040,1152.0,4,1,1,16,2,2,1,1,1,1,False,,False,,200.68594360351562,100.34297180175781,yolo8/conv7,0,0,1,0.009625,0,16,0.6725247502326965,0.06336633861064911,0.6656050933219241,2,512,context_0,False,False,False,False,1.73725e-05,18496.0,589824.0,1024,8,-0.4721205234527588,59.72324752807617,-0.3195127248764038,0.24983437359333038,-0.3177570700645447,19.93925666809082,8,8,16,0.6725247502326965,1.0,1.0,0.9897109260166586,1.0,0.6656050933219241
conv_feature_splitter2_1,conv,4,4,32,64,1,1,1,1,conv7,concat2,2080.0,33280.0,,306513.41,1305,512.0,1,1,1,32,4,1,1,1,1,1,False,,False,,100.34297180175781,50.171485900878906,yolo8/conv_feature_splitter2_1,0,0,1,0.007835,0,32,0.8091953992843628,0.09808429330587387,0.25869671633172303,128,256,context_0,False,False,False,False,1.81725e-05,2080.0,65536.0,0,8,-0.3177570700645447,19.93925666809082,-3.3618485927581787,3.3642847537994385,-0.5673665404319763,28.368328094482422,8,8,16,0.8091953992843628,0.5,1.0,0.31969622733953945,1.0,0.12934835816586152
conv_feature_splitter2_2,conv,4,4,32,64,1,1,1,1,conv7,conv9 ew_add2 concat2,2080.0,33280.0,,306513.41,1305,512.0,1,1,1,32,4,3,1,1,1,1,False,,False,,100.34297180175781,50.171485900878906,yolo8/conv_feature_splitter2_2,0,0,1,0.007835,0,32,0.8091953992843628,0.09808429330587387,0.25869671633172303,384,256,context_0,False,False,False,False,1.81725e-05,2080.0,65536.0,0,8,-0.3177570700645447,19.93925666809082,-2.4837419986724854,1.0771503448486328,-0.3271506726741791,16.357534408569336,8,8,16,0.8091953992843628,0.5,1.0,0.31969622733953945,1.0,0.12934835816586152
conv9,conv,4,4,32,32,3,3,1,1,conv_feature_splitter2_2,conv10,9248.0,147968.0,,142500.89,2807,576.0,4,1,1,8,1,1,1,1,1,1,False,,False,,50.171485900878906,50.171485900878906,yolo8/conv9,0,0,1,0.0092525,0,8,0.6213038563728333,0.0456002838909626,0.42724152984775676,128,256,context_0,False,False,False,True,2.039e-05,9248.0,294912.0,1024,8,-0.3271506726741791,16.357534408569336,-0.7127923369407654,0.9390836954116821,-0.28055107593536377,17.60457992553711,8,8,16,0.6213038563728333,0.5,1.0,0.6876531112199903,1.0,0.21362076492387838
conv10,conv,4,4,32,32,3,3,1,1,conv9,ew_add2,9248.0,147968.0,,140301.65,2851,576.0,4,1,1,8,1,1,1,1,1,1,False,,False,,50.171485900878906,50.171485900878906,yolo8/conv10,0,0,1,0.008262499999999999,0,8,0.6117151975631714,0.044896528124809265,0.42724155518192103,128,256,context_0,False,False,True,False,2.317e-05,9248.0,294912.0,1024,8,-0.28055107593536377,17.60457992553711,-0.7695689797401428,0.5411452651023865,-0.27975937724113464,17.554901123046875,8,8,16,0.6117151975631714,0.5,1.0,0.6984321411073003,1.0,0.21362077759096051
ew_add2,ew_add,4,4,32,32,,,,,conv_feature_splitter2_2 conv10,conv11 ew_add3 concat2,0,256.0,,529801.32,755,,1,1,1,32,0,3,1,,,,False,,False,,50.171485900878906,0.0,yolo8/ew_add2,0,0,1,0.00494,0,32,0.5086092948913574,0.16953642666339874,0.09407153788411925,384,256,context_0,False,False,False,False,2.36275e-05,0,512.0,0,8,-0.3271506726741791,16.357534408569336,N/A,N/A,-0.6446330547332764,32.231651306152344,8,8,16,0.5086092948913574,0.5,1.0,0.18495835374816263,1.0,0.04703576894205962
conv11,conv,4,4,32,32,3,3,1,1,ew_add2,conv12,9248.0,147968.0,,142500.89,2807,576.0,4,1,1,8,1,1,1,1,1,1,False,,False,,50.171485900878906,50.171485900878906,yolo8/conv11,0,0,1,0.0071849999999999995,0,8,0.6213038563728333,0.0456002838909626,0.42724152984775676,128,256,context_0,False,False,False,True,2.633e-05,9248.0,294912.0,1024,8,-0.6446330547332764,32.231651306152344,-0.3188651204109192,0.2827245891094208,-0.29402512311935425,5.061432361602783,8,8,16,0.6213038563728333,0.5,1.0,0.6876531112199903,1.0,0.21362076492387838
conv12,conv,4,4,32,32,3,3,1,1,conv11,ew_add3,9248.0,147968.0,,140301.65,2851,576.0,4,1,1,8,1,1,1,1,1,1,False,,False,,50.171485900878906,50.171485900878906,yolo8/conv12,0,0,1,0.006365,0,8,0.6117151975631714,0.044896528124809265,0.42724155518192103,128,256,context_0,False,False,True,False,2.9135e-05,9248.0,294912.0,1024,8,-0.29402512311935425,5.061432361602783,-6.9912872314453125,13.54944896697998,-0.3456295132637024,43.72213363647461,8,8,16,0.6117151975631714,0.5,1.0,0.6984321411073003,1.0,0.21362077759096051
ew_add3,ew_add,4,4,32,32,,,,,ew_add2 conv12,concat2,0,256.0,,529801.32,755,,1,1,1,32,0,1,1,,,,False,,False,,50.171485900878906,0.0,yolo8/ew_add3,0,0,1,0.004065,0,32,0.5086092948913574,0.16953642666339874,0.09407153788411925,128,256,context_0,False,False,False,False,2.95925e-05,0,512.0,0,8,-0.6446330547332764,32.231651306152344,N/A,N/A,-1.0605556964874268,53.02778625488281,8,8,16,0.5086092948913574,0.5,1.0,0.18495835374816263,1.0,0.04703576894205962
concat2,concat,4|4|4|4,4|4|4|4,128,32|32|32|32,,,,,conv_feature_splitter2_1 conv_feature_splitter2_2 ew_add2 ew_add3,conv13,0,0,,629921.26,635,,1,1,1,128,0,1,1,,,,False,,False,,50.171485900878906,0.0,yolo8/concat2,0,0,1,0.003965,0,128,0.8062992095947266,0.8062992095947266,0.1254287109487142,32,1024,context_0,False,False,False,True,2.995e-05,0,0,0,8,-0.5673665404319763,28.368328094482422,N/A,N/A,-1.0605556964874268,53.02778625488281,8,N/A,N/A,0.8062992095947266,0.5,1.0,0.1555609995100441,0.0,0.0627143554743571
conv13,conv,4,4,64,128,1,1,1,1,concat2,conv14,8256.0,132096.0,,163599.18,2445,1024.0,2,1,1,32,4,2,1,1,1,1,False,,False,,200.68594360351562,100.34297180175781,yolo8/conv13,0,0,1,0.0060349999999999996,0,32,0.8507157564163208,0.10470347851514816,0.5095541461141363,128,512,context_0,False,False,True,False,3.23775e-05,8256.0,262144.0,0,8,-1.0605556964874268,53.02778625488281,-1.0074976682662964,1.046806812286377,-0.34258753061294556,21.49736785888672,8,8,16,0.8507157564163208,0.5,1.0,0.5989710926016658,1.0,0.25477707305706815
conv14,conv,4,4,128,64,3,3,2,2,conv13,conv_feature_splitter3_1 conv_feature_splitter3_2,73856.0,295424,,110650.07,3615,288,17.0,3.0,3.0,128,1,4.0,,1,1,1,False,,False,combined (NORMAL),225.77168655395508,50.171485900878906,,0.0,0.0,3.0,0.0104525,0,128,0.34758994158576517,0.2877952282627424,0.2702251003568934,192.0,2048,context_0,False,False,False,False,3.8665e-05,73856,589824,0,8,-0.34258753061294556,21.49736785888672,-0.9859102964401245,1.1286628246307373,-0.2904713451862335,14.523566246032715,8,8,16,0.319778710603714,0.5,1.0,0.8855952964233219,0.9411764705882353,0.14159726100348188
conv_feature_splitter3_1,conv,2,2,64,128,1,1,1,1,conv14,concat3,8256.0,33024.0,,174748.80,2289,512.0,1,1,1,64,8,1,1,1,1,1,False,,False,,50.171485900878906,25.085742950439453,yolo8/conv_feature_splitter3_1,0,0,1,0.00754,0,64,0.9086937308311462,0.05591961741447449,0.5095541278472547,64,512,context_0,False,False,True,False,4.14975e-05,8256.0,65536.0,0,8,-0.2904713451862335,14.523566246032715,-2.881401777267456,3.3748831748962402,-0.8048141598701477,21.998254776000977,8,8,16,0.9086937308311462,0.25,1.0,0.5607545320921118,1.0,0.12738853196181368
conv_feature_splitter3_2,conv,2,2,64,128,1,1,1,1,conv14,conv16 ew_add4 concat3,8256.0,33024.0,,174748.80,2289,512.0,1,1,1,64,8,3,1,1,1,1,False,,False,,50.171485900878906,25.085742950439453,yolo8/conv_feature_splitter3_2,0,0,1,0.00754,0,64,0.9086937308311462,0.05591961741447449,0.5095541278472547,192,512,context_0,False,False,True,False,4.14975e-05,8256.0,65536.0,0,8,-0.2904713451862335,14.523566246032715,-1.8704665899276733,1.508798599243164,-0.5272802114486694,14.412324905395508,8,8,16,0.9086937308311462,0.25,1.0,0.5607545320921118,1.0,0.12738853196181368
conv16,conv,2,2,64,64,3,3,1,1,conv_feature_splitter3_2,conv17,36928.0,147712.0,,125195.62,3195,288.0,8,1,1,8,1,1,1,1,1,1,False,,False,,25.085742950439453,25.085742950439453,yolo8/conv16,0,0,1,0.008844999999999999,0,8,0.7242566347122192,0.04006259888410568,0.5668789681297257,64,512,context_0,False,False,False,True,4.5635e-05,36928.0,294912.0,2048,8,-0.5272802114486694,14.412324905395508,-0.6909193992614746,0.6776955723762512,-0.2998427152633667,6.071815013885498,8,8,16,0.7242566347122192,0.25,1.0,0.7827045565899069,1.0,0.14171974203243143
conv17,conv,2,2,64,64,3,3,1,1,conv16,ew_add4,36928.0,147712.0,,124262.19,3219,288.0,8,1,1,8,1,1,1,1,1,1,False,,False,,25.085742950439453,25.085742950439453,yolo8/conv17,0,0,1,0.0064625,0,8,0.7188568115234375,0.03976390138268471,0.5668789995820542,64,512,context_0,False,False,True,False,5.04725e-05,36928.0,294912.0,2048,8,-0.2998427152633667,6.071815013885498,-3.4348490238189697,3.900949716567993,-0.29827484488487244,18.716747283935547,8,8,16,0.7188568115234375,0.25,1.0,0.7885840274375306,1.0,0.14171974989551356
ew_add4,ew_add,2,2,64,64,,,,,conv_feature_splitter3_2 conv17,conv18 ew_add5 concat3,0,128.0,,553250.35,723,,1,1,1,64,0,3,1,,,,False,,False,,25.085742950439453,0.0,yolo8/ew_add4,0,0,1,0.002525,0,64,0.5311203598976135,0.17704011499881744,0.09407153851199769,192,512,context_0,False,False,False,False,5.135e-05,0,256.0,0,8,-0.5272802114486694,14.412324905395508,N/A,N/A,-1.1237754821777344,30.716527938842773,8,8,16,0.5311203598976135,0.25,1.0,0.17711905928466437,1.0,0.023517884627999423
conv18,conv,2,2,64,64,3,3,1,1,ew_add4,conv19,36928.0,147712.0,,125195.62,3195,288.0,8,1,1,8,1,1,1,1,1,1,False,,False,,25.085742950439453,25.085742950439453,yolo8/conv18,0,0,1,0.00643,0,8,0.7242566347122192,0.04006259888410568,0.5668789681297257,64,512,context_0,False,False,False,True,5.61325e-05,36928.0,294912.0,2048,8,-1.1237754821777344,30.716527938842773,-0.33026331663131714,0.4150870144367218,-0.2925371527671814,9.032084465026855,8,8,16,0.7242566347122192,0.25,1.0,0.7827045565899069,1.0,0.14171974203243143
conv19,conv,2,2,64,64,3,3,1,1,conv18,ew_add5,36928.0,147712.0,,124262.19,3219,288.0,8,1,1,8,1,1,1,1,1,1,False,,False,,25.085742950439453,25.085742950439453,yolo8/conv19,0,0,1,0.0064625,0,8,0.7188568115234375,0.03976390138268471,0.5668789995820542,64,512,context_0,False,False,True,False,6.097e-05,36928.0,294912.0,2048,8,-0.2925371527671814,9.032084465026855,-5.83461856842041,5.340251445770264,-0.29928961396217346,37.860137939453125,8,8,16,0.7188568115234375,0.25,1.0,0.7885840274375306,1.0,0.14171974989551356
ew_add5,ew_add,2,2,64,64,,,,,ew_add4 conv19,concat3,0,128.0,,553250.35,723,,1,1,1,64,0,1,1,,,,False,,False,,25.085742950439453,0.0,yolo8/ew_add5,0,0,1,0.002525,0,64,0.5311203598976135,0.17704011499881744,0.09407153851199769,64,512,context_0,False,False,False,False,6.18475e-05,0,256.0,0,8,-1.1237754821777344,30.716527938842773,N/A,N/A,-1.6959835290908813,46.35688400268555,8,8,16,0.5311203598976135,0.25,1.0,0.17711905928466437,1.0,0.023517884627999423
concat3,concat,2|2|2|2,2|2|2|2,256,64|64|64|64,,,,,conv_feature_splitter3_1 conv_feature_splitter3_2 ew_add4 ew_add5,conv20,0,0,,676818.95,591,,1,1,1,256,0,1,1,,,,False,,False,,25.085742950439453,0.0,yolo8/concat3,0,0,1,0.0023250000000000002,0,256,0.866328239440918,0.866328239440918,0.1254287088460516,16,2048,context_0,False,False,False,True,6.2525e-05,0,0,0,8,-0.8048141598701477,21.998254776000977,N/A,N/A,-1.6959835290908813,46.35688400268555,8,N/A,N/A,0.866328239440918,0.25,1.0,0.14478196962273396,0.0,0.0313571772115129
conv20,conv,2,2,128,256,1,1,1,1,concat3,conv21,32896.0,131584.0,,115707.26,3457,683.0,3,1,1,48,6,3,1,1,1,1,False,,False,,100.34297180175781,56.44292068481445,yolo8/conv20,0,0,1,0.008565,0,43,0.8955742120742798,0.08330922573804855,0.758451751871824,3,1152,context_0,False,False,True,False,6.94425e-05,32896.0,262144.0,0,8,-1.6959835290908813,46.35688400268555,-0.38314399123191833,0.3889026641845703,-0.3006216883659363,9.281694412231445,8,8,16,0.8955742120742798,0.25,0.8888888888888888,0.8468887800097992,1.0,0.16854483374929422
conv21,conv,2,2,256,128,3,3,2,2,conv20,conv_feature_splitter4_1 conv_feature_splitter4_2,295168.0,295168,,114876.51,3482,144,33.0,5.0,5.0,256,1,6.0,,1,1,1,False,,False,combined (NORMAL),206.9573793411255,25.085742950439453,,0.0,0.0,5.0,0.007715,0,256,0.5614319208896521,0.17828246504068374,0.4596677103026744,288.0,4096,context_0,False,False,False,False,7.35625e-05,295168,589824,4096,8,-0.3006216883659363,9.281694412231445,-1.8034465312957764,1.6464232206344604,-0.344428688287735,21.612899780273438,8,8,16,0.5534175634384155,0.25,1.0,0.8530132288094072,0.9696969696969697,0.11801812566710944
conv_feature_splitter4_1,conv,1,1,128,256,1,1,1,1,conv21,concat4,32896.0,32896.0,,230017.25,1739,171.0,3,1,1,48,6,1,1,1,1,1,False,,False,,25.085742950439453,14.110730171203613,yolo8/conv_feature_splitter4_1,0,0,1,0.0042699999999999995,0,43,0.8901667594909668,0.08280620723962784,0.379225868386769,28,1152,context_0,False,False,True,False,7.7855e-05,32896.0,65536.0,0,8,-0.344428688287735,21.612899780273438,-1.4103622436523438,1.4425570964813232,-0.5116919279098511,12.536452293395996,8,8,16,0.8901667594909668,0.125,0.8888888888888888,0.4260166585007349,1.0,0.04213620759852989
conv_feature_splitter4_2,conv,1,1,128,256,1,1,1,1,conv21,conv23 ew_add6 concat4,32896.0,32896.0,,230017.25,1739,171.0,3,1,1,48,6,1,1,1,1,1,False,,False,,25.085742950439453,14.110730171203613,yolo8/conv_feature_splitter4_2,0,0,1,0.0042699999999999995,0,43,0.8901667594909668,0.08280620723962784,0.379225868386769,28,1152,context_0,False,False,True,False,7.7855e-05,32896.0,65536.0,0,8,-0.344428688287735,21.612899780273438,-0.965129554271698,0.8261236548423767,-0.31296855211257935,7.66772985458374,8,8,16,0.8901667594909668,0.125,0.8888888888888888,0.4260166585007349,1.0,0.04213620759852989
conv23,conv,1,1,128,128,3,3,1,1,conv_feature_splitter4_2,conv24,147584.0,147584,,97991.18,4082,144,21.0,13.0,13.0,128,1,14.0,,1,1,1,False,,False,combined (),134.83586835861206,12.542871475219727,,0.0,0.0,13.0,0.0071975,0,128,0.8118152391342888,0.2696722384828788,0.6523412765567366,264.0,5120,context_0,False,False,False,True,8.5995e-05,147584,294912,4096,8,-0.31296855211257935,7.66772985458374,-3.4149086475372314,3.2436766624450684,-0.30126523971557617,6.100620746612549,8,8,16,0.8483586311340332,0.125,1.0,1.0,0.7619047619047619,0.10604482889175415
conv24,conv,1,1,128,128,3,3,1,1,conv23,ew_add6,147584.0,147584,,97991.18,4082,144,21.0,13.0,13.0,128,1,17.0,,1,1,1,False,,False,combined (),134.83586835861206,12.542871475219727,,0.0,0.0,13.0,0.0071975,0,128,0.812037672315325,0.2700315536214755,0.652341276523361,360.0,5120,context_0,False,False,True,False,9.41425e-05,147584,294912,4096,8,-0.30126523971557617,6.100620746612549,-3.077025890350342,2.957735776901245,-0.283716082572937,11.77421760559082,8,8,16,0.8483586311340332,0.125,1.0,1.0,0.7619047619047619,0.10604482889175415
ew_add6,ew_add,1,1,128,128,,,,,conv_feature_splitter4_2 conv24,concat4,0,64.0,,565770.86,707,,1,1,1,128,0,1,1,,,,False,,False,,12.542871475219727,0.0,yolo8/ew_add6,0,0,1,0.0016950000000000001,0,128,0.5431400537490845,0.18104667961597443,0.0940715379717302,32,1024,context_0,False,False,False,False,9.586e-05,0,128.0,0,8,N/A,N/A,N/A,N/A,-0.7158758640289307,17.538957595825195,8,8,16,0.5431400537490845,0.125,1.0,0.17319941205291522,1.0,0.011758942246466276
concat4,concat,1|1|1,1|1|1,384,128|128|128,,,,,conv_feature_splitter4_1 conv_feature_splitter4_2 ew_add6,conv25,0,0,,917431.19,436,,1,1,1,384,0,1,1,,,,False,,False,,12.542871475219727,0.0,yolo8/concat4,0,0,1,0.000975,0,384,0.8807339668273926,0.8807339668273926,0.09407153589827123,10,3072,context_0,False,False,False,True,9.68575e-05,0,0,0,8,N/A,N/A,N/A,N/A,-0.7158758640289307,17.538957595825195,8,N/A,N/A,0.8807339668273926,0.125,1.0,0.10681038706516413,0.0,0.011758941987283904
conv25,conv,1,1,256,384,1,1,1,1,concat4,conv26,98560.0,98560.0,,178015.13,2247,220.0,7,1,1,40,5,2,1,1,1,1,False,,False,,37.62861251831055,27.437530517578125,yolo8/conv25,0,0,1,0.00556,0,37,0.8589230179786682,0.12461059540510178,0.472807452571795,28,2240,context_0,False,False,True,True,0.00010244,98560.0,196608.0,0,8,-0.7158758640289307,17.538957595825195,-0.4318560063838959,0.25850892066955566,-0.2921595573425293,5.916231155395508,8,8,16,0.8589230179786682,0.125,0.9142857142857143,0.5504654581087701,1.0,0.05403513743677657
conv26,conv,1,1,1280,256,1,1,1,1,conv25,fc1,328960.0,328960,,104684.64,3821,366,15.0,3.0,3.0,1280,6,3.0,,1,1,1,False,,False,combined (NORMAL),112.8858413696289,131.7001495361328,,14.0,0.0,3.0,0.009495,0,1280,0.8210355520248414,0.4412154058615366,0.7287930830016005,5.0,20992,context_0,False,False,True,False,0.0001152,207872,655360,0,8,-0.2921595573425293,5.916231155395508,-7.546822547912598,13.669904708862305,-0.31909409165382385,40.36540222167969,8,8,16,0.8102591037750244,0.125,0.9523809523809524,0.9360607545320921,0.9333333333333333,0.09029187476739835
fc1,dense,1,1,10,1280,1,1,,,conv26,softmax1,12810,12800,,153198.01,2611,,1,1,1,16,0,1,0.7937499904062496,,,,False,,False,,125.4287109375,1.5678589344024658,yolo8/fc1,1,0,1,0.00649,0,10,0.9804672598838806,0.0007659900584258139,0.6271435608909388,255,16,context_0,False,False,False,False,0.0001217125,12810,25600,0,8,-0.31909409165382385,40.36540222167969,-0.06048583984375,0.0494384765625,-8.350128173828125,8.028968811035156,8,8,16,0.9804672598838806,0.125,0.625,0.6396374326310632,1.0,0.048995590694604595
softmax1,softmax,1,1,10,10,,,,,fc1,output_layer1,0,0,,1673640.17,239,,0,0,0,,0,0,1,1,,,False,,False,,0.9799118041992188,0.0,yolo8/softmax1,0,1,1,0.000565,0,,0.0,0.0,0.0,2,16,context_0,False,False,False,False,0.0001223,0,0,0,8,-8.350128173828125,8.028968811035156,N/A,N/A,0.0,1.0,8,N/A,N/A,0.0,,,0.05854973052425282,0.0,
auto_reshape_from_input_layer1_to_conv1,format_conversion,32,32,3,3,,,,,,,0,0,,183739.09,2177,,0,0,0,,0,0,1,1,,,False,,False,,301.0289001464844,0.0,,0,1,1,0.008357499999999999,0,,0.0,0.0,0.0,5,96,context_0,False,False,False,False,8.46e-06,0,0,0,N/A,N/A,N/A,N/A,N/A,N/A,N/A,N/A,N/A,N/A,0.0,,,0.5333170014698677,0.0,
